mode,policy,episode,steps,collision,arrived,near_miss,min_distance,reward,v2v_rx_count,aoi
perfect_v2v,random,0,700,0,0,0,36.41148907032919,-496.3793271157745,0,0.0
perfect_v2v,random,1,483,0,1,0,35.75061774936833,-246.61996287671917,0,0.0
perfect_v2v,random,2,700,0,0,0,51.745093239503255,-489.84500584013847,0,0.0
perfect_v2v,random,3,700,0,0,0,42.669471925881275,-520.5156836716376,0,0.0
perfect_v2v,random,4,526,0,1,0,10.52484520108987,-412.5299459168836,0,0.0
perfect_v2v,random,5,700,0,0,0,55.7012755526773,-502.83356606331057,0,0.0
perfect_v2v,random,6,641,0,1,0,13.117367258280975,-480.67859348939555,0,0.0
perfect_v2v,random,7,700,0,0,0,49.62248296222939,-485.3814366003737,0,0.0
perfect_v2v,random,8,700,0,0,0,48.27558170253483,-484.163546100964,0,0.0
perfect_v2v,random,9,700,0,0,0,15.640778667116946,-549.0845824482502,0,0.0
perfect_v2v,random,10,700,0,0,0,37.468972386626405,-495.1041969064681,0,0.0
perfect_v2v,random,11,700,0,0,0,51.182334138156186,-469.9081838103263,0,0.0
perfect_v2v,random,12,700,0,0,0,59.77421146204978,-498.0191084305121,0,0.0
perfect_v2v,random,13,700,0,0,0,16.792003777198257,-574.4624537481109,0,0.0
perfect_v2v,random,14,700,0,0,0,35.20409150436775,-443.4871604984424,0,0.0
perfect_v2v,random,15,700,0,0,0,41.248496706435176,-480.94940955013027,0,0.0
perfect_v2v,random,16,700,0,0,0,59.19898213145981,-498.60580952395077,0,0.0
perfect_v2v,random,17,75,1,0,1,4.119750892507434,-227.01557886719638,0,0.0
perfect_v2v,random,18,700,0,0,0,27.478389766506496,-584.5745065107793,0,0.0
perfect_v2v,random,19,700,0,0,0,52.08242923739303,-498.3635127204899,0,0.0
perfect_v2v,random,20,700,0,0,0,50.92645346532111,-496.4338413285597,0,0.0
perfect_v2v,random,21,700,0,0,0,65.2328186203784,-471.7826959304837,0,0.0
perfect_v2v,random,22,700,0,0,0,34.7358445355523,-541.6285870562311,0,0.0
perfect_v2v,random,23,700,0,0,0,35.48862522929293,-496.1988240608331,0,0.0
perfect_v2v,random,24,700,0,0,0,42.69970811227204,-469.9166399710356,0,0.0
perfect_v2v,random,25,700,0,0,0,38.52004548382514,-525.9155027021652,0,0.0
perfect_v2v,random,26,700,0,0,0,23.292650689023866,-549.7519284531753,0,0.0
perfect_v2v,random,27,674,0,1,0,17.385826526933943,-506.1392192170098,0,0.0
perfect_v2v,random,28,700,0,0,0,42.70058056368475,-505.510717873525,0,0.0
perfect_v2v,random,29,700,0,0,0,50.37349534253271,-496.3760389666985,0,0.0
perfect_v2v,random,30,700,0,0,0,56.034871339940274,-500.60152189958455,0,0.0
perfect_v2v,random,31,77,1,0,1,3.5027606458407674,-109.82432584675652,0,0.0
perfect_v2v,random,32,700,0,0,0,65.94088422692192,-470.4446700907927,0,0.0
perfect_v2v,random,33,700,0,0,0,43.96467653897372,-487.8924744858109,0,0.0
perfect_v2v,random,34,700,0,0,0,64.1564724066126,-480.14323693989724,0,0.0
perfect_v2v,random,35,700,0,0,0,47.36634449937684,-533.2051563176036,0,0.0
perfect_v2v,random,36,700,0,0,0,38.81572836821637,-541.6328286403728,0,0.0
perfect_v2v,random,37,137,0,1,0,25.910816944298976,-57.24897780192535,0,0.0
perfect_v2v,random,38,700,0,0,0,26.602651568542132,-481.87980609092506,0,0.0
perfect_v2v,random,39,700,0,0,0,28.33686564377056,-541.8106613035313,0,0.0
perfect_v2v,random,40,700,0,0,0,18.925066444047594,-500.38370662342743,0,0.0
perfect_v2v,random,41,700,0,0,0,29.54225322946519,-509.60806554937716,0,0.0
perfect_v2v,random,42,700,0,0,0,34.35731829879742,-494.3052819301794,0,0.0
perfect_v2v,random,43,700,0,0,0,26.315850532472286,-455.81515270780693,0,0.0
perfect_v2v,random,44,700,0,0,0,60.50363029561174,-478.6572988953204,0,0.0
perfect_v2v,random,45,700,0,0,0,33.855046438392144,-506.7648053839302,0,0.0
perfect_v2v,random,46,575,0,1,0,11.315226688436187,-417.75863486797135,0,0.0
perfect_v2v,random,47,700,0,0,0,38.16550736219491,-488.01305059791434,0,0.0
perfect_v2v,random,48,700,0,0,0,38.37194994502213,-524.9198199295025,0,0.0
perfect_v2v,random,49,700,0,0,0,59.97775968441638,-477.8138963867241,0,0.0
perfect_v2v,hold,0,106,0,1,0,8.460028130688212,-70.93794261918019,0,0.0
perfect_v2v,hold,1,110,0,1,0,23.120514227899832,-47.028429851913344,0,0.0
perfect_v2v,hold,2,120,0,1,1,4.619600574550705,-99.22513429783405,0,0.0
perfect_v2v,hold,3,128,0,1,1,7.022935154535142,-103.3875765354179,0,0.0
perfect_v2v,hold,4,96,0,1,1,5.61262345196248,19.740067168282046,0,0.0
perfect_v2v,hold,5,100,0,1,0,10.099984013430385,-62.838925221272774,0,0.0
perfect_v2v,hold,6,109,0,1,1,6.876865106311254,-79.01003120039354,0,0.0
perfect_v2v,hold,7,106,0,1,0,11.448489345409445,-66.94990376966291,0,0.0
perfect_v2v,hold,8,117,0,1,0,24.846731786808522,-51.17188367277184,0,0.0
perfect_v2v,hold,9,67,1,0,1,4.01533646330255,-131.18461010436457,0,0.0
perfect_v2v,hold,10,96,0,1,0,10.848117677342753,19.751873559181625,0,0.0
perfect_v2v,hold,11,126,0,1,0,15.269251076827562,-81.3457157566761,0,0.0
perfect_v2v,hold,12,121,0,1,0,27.22784572612365,-47.231050224258524,0,0.0
perfect_v2v,hold,13,99,0,1,1,5.752559743484518,-70.79439843013523,0,0.0
perfect_v2v,hold,14,67,1,0,1,3.503956482287013,-131.70948896915183,0,0.0
perfect_v2v,hold,15,104,0,1,0,14.659620256598872,-56.903015357756374,0,0.0
perfect_v2v,hold,16,108,0,1,0,12.477088479822925,-64.98966302310288,0,0.0
perfect_v2v,hold,17,99,0,1,1,5.839834310318315,18.687046365064376,0,0.0
perfect_v2v,hold,18,114,0,1,0,18.870123902736562,-59.11483310155268,0,0.0
perfect_v2v,hold,19,114,0,1,0,22.584633615824224,-51.091973082392585,0,0.0
perfect_v2v,hold,20,119,0,1,0,18.01334590703125,-65.21072994953276,0,0.0
perfect_v2v,hold,21,65,1,0,1,3.770584970452762,-227.26408135343064,0,0.0
perfect_v2v,hold,22,116,0,1,0,10.818916334058427,-77.13555300536282,0,0.0
perfect_v2v,hold,23,104,0,1,0,14.238233007178016,-56.901838969845926,0,0.0
perfect_v2v,hold,24,117,0,1,0,9.258499417439346,-85.16821262348512,0,0.0
perfect_v2v,hold,25,125,0,1,1,7.776334784891505,-95.31267744396115,0,0.0
perfect_v2v,hold,26,111,0,1,0,9.694376531950045,-75.04087154300902,0,0.0
perfect_v2v,hold,27,104,0,1,1,7.185446598418798,-72.89807842914755,0,0.0
perfect_v2v,hold,28,99,0,1,1,7.2886742131184,-66.8065946330282,0,0.0
perfect_v2v,hold,29,130,0,1,0,18.249171093951546,-77.4220218319139,0,0.0
perfect_v2v,hold,30,121,0,1,0,18.57720635614488,-65.24835977685576,0,0.0
perfect_v2v,hold,31,98,0,1,0,11.032685534160153,19.229033590323848,0,0.0
perfect_v2v,hold,32,125,0,1,0,19.256868552312987,-69.3132469347223,0,0.0
perfect_v2v,hold,33,113,0,1,1,6.004211862397224,-87.07499586681735,0,0.0
perfect_v2v,hold,34,132,0,1,0,30.096559379852298,50.52906591901685,0,0.0
perfect_v2v,hold,35,117,0,1,1,5.187060998456705,-95.1596593712269,0,0.0
perfect_v2v,hold,36,124,0,1,1,7.6926019240535615,-97.29470844588229,0,0.0
perfect_v2v,hold,37,104,0,1,0,15.348865238097853,-54.891733482340186,0,0.0
perfect_v2v,hold,38,72,1,0,1,3.51778118295548,-241.3849052718385,0,0.0
perfect_v2v,hold,39,111,0,1,0,15.354477805786365,-61.03019217324788,0,0.0
perfect_v2v,hold,40,66,1,0,1,3.5741907652845772,-229.28454333895462,0,0.0
perfect_v2v,hold,41,96,0,1,0,12.581729144723191,-50.749814194098505,0,0.0
perfect_v2v,hold,42,67,1,0,1,4.369782151795273,-132.24562144763496,0,0.0
perfect_v2v,hold,43,67,1,0,1,4.362551412841281,-231.32270318715263,0,0.0
perfect_v2v,hold,44,127,0,1,0,12.441570232262023,-87.34774475949763,0,0.0
perfect_v2v,hold,45,108,0,1,1,4.671400217072985,-84.98328018918372,0,0.0
perfect_v2v,hold,46,66,1,0,1,4.496401481006076,-131.1749029313453,0,0.0
perfect_v2v,hold,47,102,0,1,0,10.822964351282948,-62.87674878599444,0,0.0
perfect_v2v,hold,48,115,0,1,0,13.316628100317235,-73.11970125977092,0,0.0
perfect_v2v,hold,49,116,0,1,0,15.445910736397941,-69.13940897172753,0,0.0
perfect_v2v,full,0,56,1,0,1,4.252967134822846,-37.11972134241372,0,0.0
perfect_v2v,full,1,84,0,1,0,8.975322696799733,-242.6149786116262,0,0.0
perfect_v2v,full,2,85,0,1,0,14.836541287850473,147.37781771786553,0,0.0
perfect_v2v,full,3,85,0,1,0,15.591887802695389,139.3563112480641,0,0.0
perfect_v2v,full,4,83,0,1,0,13.923069795896192,159.39646669306745,0,0.0
perfect_v2v,full,5,54,1,0,1,4.191396958365843,-417.1446718315921,0,0.0
perfect_v2v,full,6,84,0,1,1,6.983347787074492,129.38729739996717,0,0.0
perfect_v2v,full,7,56,1,0,1,3.1539839380642443,-45.12063266816475,0,0.0
perfect_v2v,full,8,85,0,1,1,7.467645132925792,-254.61491172759077,0,0.0
perfect_v2v,full,9,84,0,1,0,12.721829047585661,159.41108635414867,0,0.0
perfect_v2v,full,10,83,0,1,0,18.461181017941897,159.39708808206217,0,0.0
perfect_v2v,full,11,85,0,1,1,6.345899713586741,99.36180556130557,0,0.0
perfect_v2v,full,12,85,0,1,0,8.94206532049428,-242.6234250224262,0,0.0
perfect_v2v,full,13,57,1,0,1,3.971575942231817,-23.086027658987845,0,0.0
perfect_v2v,full,14,84,0,1,0,12.66539389121666,159.40882463916802,0,0.0
perfect_v2v,full,15,54,1,0,1,3.664822742836696,-417.15223730934014,0,0.0
perfect_v2v,full,16,55,1,0,1,3.309130328649926,-63.14381838512082,0,0.0
perfect_v2v,full,17,84,0,1,0,14.82410480940466,159.40963630806516,0,0.0
perfect_v2v,full,18,55,1,0,1,3.177891513602573,-423.15927331077046,0,0.0
perfect_v2v,full,19,84,0,1,1,6.754954386764388,-254.62364363561028,0,0.0
perfect_v2v,full,20,55,1,0,1,4.123034412345471,-423.17205524910486,0,0.0
perfect_v2v,full,21,84,0,1,1,7.323795192527236,145.40577110196853,0,0.0
perfect_v2v,full,22,85,0,1,1,5.139497217130462,105.38924623426962,0,0.0
perfect_v2v,full,23,54,1,0,1,3.681951213760495,-417.1521459394054,0,0.0
perfect_v2v,full,24,85,0,1,0,8.55684199963126,123.38543638915228,0,0.0
perfect_v2v,full,25,85,0,1,0,11.42157908536545,131.36581800990734,0,0.0
perfect_v2v,full,26,58,1,0,1,4.231029097461243,-37.095206503909935,0,0.0
perfect_v2v,full,27,57,1,0,1,3.8887833629592983,-29.096653858574584,0,0.0
perfect_v2v,full,28,56,1,0,1,3.2159758130383853,-31.105174365287425,0,0.0
perfect_v2v,full,29,86,0,1,1,4.662893873672305,83.36992631281558,0,0.0
perfect_v2v,full,30,55,1,0,1,4.41074372704111,-423.17715597768546,0,0.0
perfect_v2v,full,31,83,0,1,0,19.07939169033624,159.3945522469239,0,0.0
perfect_v2v,full,32,56,1,0,1,4.174157667120539,-85.16784169476922,0,0.0
perfect_v2v,full,33,84,0,1,0,10.680482477669297,137.3785896547484,0,0.0
perfect_v2v,full,34,86,0,1,1,7.515920917871209,-250.13625860407484,0,0.0
perfect_v2v,full,35,85,0,1,0,13.322935951743933,147.3862474734181,0,0.0
perfect_v2v,full,36,85,0,1,0,13.612896319112421,139.36830300978477,0,0.0
perfect_v2v,full,37,54,1,0,1,4.426236823978848,-417.1514009162754,0,0.0
perfect_v2v,full,38,84,0,1,0,14.926520996893613,161.38263306030444,0,0.0
perfect_v2v,full,39,54,1,0,1,4.492842249582506,-417.167852086902,0,0.0
perfect_v2v,full,40,84,0,1,0,9.11586290610511,153.40232917888176,0,0.0
perfect_v2v,full,41,83,0,1,1,5.050996991709301,-254.6030007470581,0,0.0
perfect_v2v,full,42,84,0,1,0,13.393322658096455,161.40528984646295,0,0.0
perfect_v2v,full,43,84,0,1,0,8.008213146056047,153.39665658337543,0,0.0
perfect_v2v,full,44,85,0,1,0,8.552546976506411,107.36105617560729,0,0.0
perfect_v2v,full,45,84,0,1,0,9.48101008151368,145.39031848876027,0,0.0
perfect_v2v,full,46,83,0,1,0,11.95970945163433,159.39466900528112,0,0.0
perfect_v2v,full,47,55,1,0,1,2.512811395673945,-423.1304709059599,0,0.0
perfect_v2v,full,48,57,1,0,1,4.29689789507828,-53.12369889348664,0,0.0
perfect_v2v,full,49,56,1,0,1,3.462948522099131,-69.14472259729564,0,0.0
perfect_v2v,rule,0,135,0,1,0,30.25649962763951,22.67650751457023,0,0.0
perfect_v2v,rule,1,126,0,1,0,37.16590033493641,43.8586659496403,0,0.0
perfect_v2v,rule,2,148,0,1,0,28.839471100499495,4.21558704385248,0,0.0
perfect_v2v,rule,3,149,0,1,0,28.238920586554514,-1.5090296633223588,0,0.0
perfect_v2v,rule,4,83,0,1,0,13.923069795896192,159.2964666930675,0,0.0
perfect_v2v,rule,5,132,0,1,0,34.45700941663152,27.426451676902175,0,0.0
perfect_v2v,rule,6,138,0,1,0,29.981939995048293,16.20715375505582,0,0.0
perfect_v2v,rule,7,134,0,1,0,34.26689711910861,21.711241891760743,0,0.0
perfect_v2v,rule,8,127,0,1,0,36.62902447482194,24.44174566578211,0,0.0
perfect_v2v,rule,9,84,0,1,0,12.721829047585661,159.31108635414867,0,0.0
perfect_v2v,rule,10,83,0,1,0,18.461181017941897,159.2970880820622,0,0.0
perfect_v2v,rule,11,139,0,1,0,31.459125591782062,7.490649804628461,0,0.0
perfect_v2v,rule,12,127,0,1,0,36.95101008109332,38.146117264527916,0,0.0
perfect_v2v,rule,13,135,0,1,0,33.69716183048809,25.680635615938122,0,0.0
perfect_v2v,rule,14,84,0,1,0,12.66539389121666,159.308824639168,0,0.0
perfect_v2v,rule,15,129,0,1,0,34.73276538568693,27.19812305055557,0,0.0
perfect_v2v,rule,16,133,0,1,0,31.802933548008326,20.723517018227955,0,0.0
perfect_v2v,rule,17,84,0,1,0,14.82410480940466,159.30963630806514,0,0.0
perfect_v2v,rule,18,130,0,1,0,34.121353146631606,19.485220264599025,0,0.0
perfect_v2v,rule,19,127,0,1,0,36.06874493210859,26.43473019131402,0,0.0
perfect_v2v,rule,20,133,0,1,0,32.749742191007826,13.009472259844912,0,0.0
perfect_v2v,rule,21,139,0,1,0,32.48809583922153,21.195944581665433,0,0.0
perfect_v2v,rule,22,138,0,1,0,29.365088086677115,13.222139463176077,0,0.0
perfect_v2v,rule,23,129,0,1,0,33.742418008573964,27.19958496951167,0,0.0
perfect_v2v,rule,24,141,0,1,0,30.44000589785844,12.462601316483457,0,0.0
perfect_v2v,rule,25,146,0,1,0,27.20211041150506,4.944043956658788,0,0.0
perfect_v2v,rule,26,137,0,1,0,30.08503202665325,15.249031546824895,0,0.0
perfect_v2v,rule,27,135,0,1,0,30.557254730906674,20.97116786887575,0,0.0
perfect_v2v,rule,28,134,0,1,0,33.94254034205174,28.40410156946195,0,0.0
perfect_v2v,rule,29,138,0,1,0,31.82375168138094,6.504541775409827,0,0.0
perfect_v2v,rule,30,132,0,1,0,31.76209164561174,15.724860576932215,0,0.0
perfect_v2v,rule,31,83,0,1,0,19.07939169033624,159.2945522469239,0,0.0
perfect_v2v,rule,32,135,0,1,0,32.991062474233466,9.277176376994213,0,0.0
perfect_v2v,rule,33,141,0,1,0,30.782391232188267,13.447455166477923,0,0.0
perfect_v2v,rule,34,128,0,1,0,36.11639114280564,23.10987123446665,0,0.0
perfect_v2v,rule,35,145,0,1,0,29.9827674726067,6.978541470200781,0,0.0
perfect_v2v,rule,36,146,0,1,0,29.47440457691758,4.958801262984174,0,0.0
perfect_v2v,rule,37,129,0,1,0,34.13853571776546,29.209743245246703,0,0.0
perfect_v2v,rule,38,148,0,1,0,28.986061423452682,7.214145986475259,0,0.0
perfect_v2v,rule,39,132,0,1,0,33.30173160536697,18.72999295731354,0,0.0
perfect_v2v,rule,40,139,0,1,0,31.49505324375244,22.901049526526755,0,0.0
perfect_v2v,rule,41,128,0,1,0,34.77909703593192,35.63258102473127,0,0.0
perfect_v2v,rule,42,84,0,1,0,13.393322658096455,161.30528984646295,0,0.0
perfect_v2v,rule,43,142,0,1,0,28.285983524404735,16.444872281992012,0,0.0
perfect_v2v,rule,44,142,0,1,0,29.674223751148073,6.727664673894417,0,0.0
perfect_v2v,rule,45,141,0,1,0,31.063236068137005,15.461167602937529,0,0.0
perfect_v2v,rule,46,83,0,1,0,11.95970945163433,159.29466900528112,0,0.0
perfect_v2v,rule,47,131,0,1,0,33.70397757925474,25.44384888931389,0,0.0
perfect_v2v,rule,48,135,0,1,0,32.24956807089108,15.970257115708137,0,0.0
perfect_v2v,rule,49,134,0,1,0,32.53360615331703,14.998492232698027,0,0.0
lossy_v2v,random,0,700,0,0,0,46.48392278200101,-527.5722545646976,82,2.0
lossy_v2v,random,1,207,0,1,0,26.462516107870808,-140.89858244725175,55,2.0
lossy_v2v,random,2,700,0,0,0,43.66983915521621,-499.7175067805871,97,2.0
lossy_v2v,random,3,700,0,0,0,34.321492275257846,-542.7080521594503,99,2.0
lossy_v2v,random,4,369,0,1,0,8.97605875520852,-175.08869253074906,58,2.0
lossy_v2v,random,5,700,0,0,0,50.05979981197736,-493.61340620365064,75,2.0
lossy_v2v,random,6,700,0,0,0,53.2805591128888,-463.22059820022935,80,2.0
lossy_v2v,random,7,700,0,0,0,43.58457090369645,-485.43912484868866,82,2.0
lossy_v2v,random,8,700,0,0,0,64.75860254298907,-501.10150157963835,70,2.0
lossy_v2v,random,9,700,0,0,0,26.58122071402847,-514.0662370316549,79,2.0
lossy_v2v,random,10,79,1,0,1,4.239196354230774,-195.74574591982983,26,2.0
lossy_v2v,random,11,700,0,0,0,36.24082402843388,-486.8035326053413,97,2.0
lossy_v2v,random,12,700,0,0,0,35.918168575753135,-538.2740472421837,75,2.0
lossy_v2v,random,13,368,0,1,0,21.66995555525498,-267.46822119051944,54,2.0
lossy_v2v,random,14,700,0,0,0,27.012605151118176,-539.4092755327572,76,2.0
lossy_v2v,random,15,464,0,1,0,19.097838010379693,-357.4919668594702,57,2.0
lossy_v2v,random,16,700,0,0,0,18.370346604594957,-586.0133701867325,58,2.0
lossy_v2v,random,17,700,0,0,0,28.867869700296968,-472.3578372249901,99,2.0
lossy_v2v,random,18,700,0,0,0,52.666961840510496,-500.8981798707772,70,2.0
lossy_v2v,random,19,700,0,0,0,49.214501470907265,-475.42858108570874,72,2.0
lossy_v2v,random,20,700,0,0,0,21.083122893825358,-572.6420956968473,75,2.0
lossy_v2v,random,21,700,0,0,0,23.194469459496275,-547.7530487242402,68,2.0
lossy_v2v,random,22,700,0,0,0,55.882222990397686,-497.61225189826325,91,2.0
lossy_v2v,random,23,698,0,1,0,21.75373283263673,-487.2676277577174,59,2.0
lossy_v2v,random,24,700,0,0,0,25.18565079798806,-566.9538219167976,73,2.0
lossy_v2v,random,25,700,0,0,0,31.367567507313115,-479.40004024519936,102,2.0
lossy_v2v,random,26,700,0,0,0,42.6750788924883,-486.361337884798,91,2.0
lossy_v2v,random,27,700,0,0,0,18.934055568951734,-580.0325477220208,68,2.0
lossy_v2v,random,28,700,0,0,0,37.20892271925052,-501.3083178735254,78,2.0
lossy_v2v,random,29,700,0,0,0,38.02181121354669,-504.58268527951407,97,2.0
lossy_v2v,random,30,700,0,0,0,44.0554883259303,-517.7949368159057,91,2.0
lossy_v2v,random,31,700,0,0,0,18.3751766611484,-527.9145395553694,80,2.0
lossy_v2v,random,32,700,0,0,0,35.320225213667264,-532.1550085257279,93,2.0
lossy_v2v,random,33,700,0,0,0,37.44219378863702,-496.5302700036886,97,2.0
lossy_v2v,random,34,700,0,0,0,59.79064186917001,-491.34360504719797,66,2.0
lossy_v2v,random,35,700,0,0,0,52.780461818292956,-534.4436817914815,96,2.0
lossy_v2v,random,36,700,0,0,0,49.66216308122246,-470.43813009664285,103,2.0
lossy_v2v,random,37,700,0,0,0,50.7116544865999,-478.73444903185907,84,2.0
lossy_v2v,random,38,700,0,0,0,33.1779256336584,-508.5695232763466,98,2.0
lossy_v2v,random,39,700,0,0,0,44.23021050187059,-455.6421745212736,79,2.0
lossy_v2v,random,40,700,0,0,0,40.41740989736857,-501.6041622622907,97,2.0
lossy_v2v,random,41,700,0,0,0,30.483113384912237,-482.6560161364487,62,2.0
lossy_v2v,random,42,700,0,0,0,18.72906674207793,-545.5534125662622,74,2.0
lossy_v2v,random,43,700,0,0,0,17.17570778540508,-569.4806230724166,75,2.0
lossy_v2v,random,44,700,0,0,0,22.357765254638426,-589.0876503684988,72,2.0
lossy_v2v,random,45,700,0,0,0,50.530464823117306,-499.5605070131312,85,2.0
lossy_v2v,random,46,700,0,0,0,35.58950321481504,-487.4229674964891,126,2.0
lossy_v2v,random,47,700,0,0,0,46.165464362894014,-506.9638238630056,69,2.0
lossy_v2v,random,48,199,0,1,0,11.062832928715125,-204.58727026513475,61,2.0
lossy_v2v,random,49,700,0,0,0,46.23839662523293,-487.2639025727101,84,2.0
lossy_v2v,hold,0,106,0,1,0,8.460028130688212,-70.93794261918019,36,0.0
lossy_v2v,hold,1,110,0,1,0,23.120514227899832,-45.02842985191336,43,0.1
lossy_v2v,hold,2,120,0,1,1,4.619600574550705,-99.22513429783405,43,0.1
lossy_v2v,hold,3,128,0,1,1,7.022935154535142,-101.3875765354179,43,0.1
lossy_v2v,hold,4,96,0,1,1,5.61262345196248,19.740067168282046,28,0.0
lossy_v2v,hold,5,100,0,1,0,10.099984013430385,-62.838925221272774,34,0.1
lossy_v2v,hold,6,109,0,1,1,6.876865106311254,-71.01003120039356,37,0.2
lossy_v2v,hold,7,106,0,1,0,11.448489345409445,-66.94990376966291,44,0.1
lossy_v2v,hold,8,117,0,1,0,24.846731786808522,-41.171883672771855,59,0.0
lossy_v2v,hold,9,67,1,0,1,4.01533646330255,-128.68461010436457,21,2.0
lossy_v2v,hold,10,96,0,1,0,10.848117677342753,19.751873559181625,31,0.0
lossy_v2v,hold,11,126,0,1,0,15.269251076827562,-81.3457157566761,52,0.0
lossy_v2v,hold,12,121,0,1,0,27.22784572612365,-47.231050224258524,47,0.2
lossy_v2v,hold,13,99,0,1,1,5.752559743484518,-70.79439843013523,36,0.1
lossy_v2v,hold,14,67,1,0,1,3.503956482287013,-127.70948896915183,20,2.0
lossy_v2v,hold,15,104,0,1,0,14.659620256598872,-56.903015357756374,37,0.1
lossy_v2v,hold,16,108,0,1,0,12.477088479822925,-60.98966302310289,39,0.1
lossy_v2v,hold,17,99,0,1,1,5.839834310318315,19.187046365064376,39,0.0
lossy_v2v,hold,18,114,0,1,0,18.870123902736562,-59.11483310155268,41,0.0
lossy_v2v,hold,19,114,0,1,0,22.584633615824224,-51.091973082392585,48,0.30000000000000004
lossy_v2v,hold,20,119,0,1,0,18.01334590703125,-61.21072994953275,54,0.2
lossy_v2v,hold,21,65,1,0,1,3.770584970452762,-227.26408135343064,29,1.9000000000000006
lossy_v2v,hold,22,116,0,1,0,10.818916334058427,-67.13555300536284,42,0.2
lossy_v2v,hold,23,104,0,1,0,14.238233007178016,-56.901838969845926,38,0.0
lossy_v2v,hold,24,117,0,1,0,9.258499417439346,-77.16821262348513,43,0.0
lossy_v2v,hold,25,125,0,1,1,7.776334784891505,-93.31267744396112,46,0.0
lossy_v2v,hold,26,111,0,1,0,9.694376531950045,-67.04087154300902,38,0.0
lossy_v2v,hold,27,104,0,1,1,7.185446598418798,-72.89807842914755,38,0.0
lossy_v2v,hold,28,99,0,1,1,7.2886742131184,-66.8065946330282,31,0.5
lossy_v2v,hold,29,130,0,1,0,18.249171093951546,-77.4220218319139,52,0.1
lossy_v2v,hold,30,121,0,1,0,18.57720635614488,-59.24835977685578,48,0.0
lossy_v2v,hold,31,98,0,1,0,11.032685534160153,20.22903359032385,32,0.0
lossy_v2v,hold,32,125,0,1,0,19.256868552312987,-55.31324693472226,45,0.30000000000000004
lossy_v2v,hold,33,113,0,1,1,6.004211862397224,-87.07499586681735,43,0.0
lossy_v2v,hold,34,132,0,1,0,30.096559379852298,50.52906591901685,59,0.6
lossy_v2v,hold,35,117,0,1,1,5.187060998456705,-93.15965937122692,47,0.0
lossy_v2v,hold,36,124,0,1,1,7.6926019240535615,-87.29470844588229,47,0.30000000000000004
lossy_v2v,hold,37,104,0,1,0,15.348865238097853,-52.891733482340186,43,0.0
lossy_v2v,hold,38,72,1,0,1,3.51778118295548,-237.3849052718385,28,2.0
lossy_v2v,hold,39,111,0,1,0,15.354477805786365,-61.03019217324788,42,0.0
lossy_v2v,hold,40,66,1,0,1,3.5741907652845772,-229.28454333895462,34,1.9000000000000006
lossy_v2v,hold,41,96,0,1,0,12.581729144723191,-46.74981419409852,30,0.1
lossy_v2v,hold,42,67,1,0,1,4.369782151795273,-131.74562144763496,23,1.9000000000000006
lossy_v2v,hold,43,67,1,0,1,4.362551412841281,-227.32270318715263,30,2.0
lossy_v2v,hold,44,127,0,1,0,12.441570232262023,-85.34774475949763,48,0.0
lossy_v2v,hold,45,108,0,1,1,4.671400217072985,-52.98328018918369,35,0.0
lossy_v2v,hold,46,66,1,0,1,4.496401481006076,-130.1749029313453,24,2.0
lossy_v2v,hold,47,102,0,1,0,10.822964351282948,-62.87674878599444,34,0.1
lossy_v2v,hold,48,115,0,1,0,13.316628100317235,-61.119701259770906,44,0.2
lossy_v2v,hold,49,116,0,1,0,15.445910736397941,-65.13940897172752,45,0.30000000000000004
lossy_v2v,full,0,56,1,0,1,4.252967134822846,-37.11972134241372,17,1.7000000000000004
lossy_v2v,full,1,84,0,1,0,8.975322696799733,-236.61497861162616,29,0.1
lossy_v2v,full,2,85,0,1,0,14.836541287850473,147.37781771786553,28,0.0
lossy_v2v,full,3,85,0,1,0,15.591887802695389,145.65631124806407,25,0.1
lossy_v2v,full,4,83,0,1,0,13.923069795896192,159.39646669306745,24,0.1
lossy_v2v,full,5,54,1,0,1,4.191396958365843,-417.1446718315921,20,1.6000000000000003
lossy_v2v,full,6,84,0,1,1,6.983347787074492,153.38729739996717,28,0.0
lossy_v2v,full,7,56,1,0,1,3.1539839380642443,-45.12063266816475,22,1.6000000000000003
lossy_v2v,full,8,85,0,1,1,7.467645132925792,-224.3149117275907,36,0.0
lossy_v2v,full,9,84,0,1,0,12.721829047585661,149.41108635414867,26,0.1
lossy_v2v,full,10,83,0,1,0,18.461181017941897,159.39708808206217,28,0.4
lossy_v2v,full,11,85,0,1,1,6.345899713586741,99.36180556130557,30,0.0
lossy_v2v,full,12,85,0,1,0,8.94206532049428,-242.6234250224262,28,0.2
lossy_v2v,full,13,57,1,0,1,3.971575942231817,-23.086027658987845,20,1.7000000000000004
lossy_v2v,full,14,84,0,1,0,12.66539389121666,143.40882463916802,22,0.0
lossy_v2v,full,15,54,1,0,1,3.664822742836696,-417.15223730934014,20,1.7000000000000004
lossy_v2v,full,16,55,1,0,1,3.309130328649926,-51.14381838512082,18,1.7000000000000004
lossy_v2v,full,17,84,0,1,0,14.82410480940466,157.40963630806516,32,0.1
lossy_v2v,full,18,55,1,0,1,3.177891513602573,-423.15927331077046,19,1.7000000000000004
lossy_v2v,full,19,84,0,1,1,6.754954386764388,-254.62364363561028,30,0.0
lossy_v2v,full,20,55,1,0,1,4.123034412345471,-410.57205524910484,24,1.6000000000000003
lossy_v2v,full,21,84,0,1,1,7.323795192527236,145.40577110196853,31,0.1
lossy_v2v,full,22,85,0,1,1,5.139497217130462,135.6892462342696,29,0.1
lossy_v2v,full,23,54,1,0,1,3.681951213760495,-417.1521459394054,19,1.7000000000000004
lossy_v2v,full,24,85,0,1,0,8.55684199963126,147.68543638915227,27,0.1
lossy_v2v,full,25,85,0,1,0,11.42157908536545,137.66581800990735,29,0.1
lossy_v2v,full,26,58,1,0,1,4.231029097461243,-13.095206503909935,22,1.9000000000000006
lossy_v2v,full,27,57,1,0,1,3.8887833629592983,-29.096653858574584,23,1.9000000000000006
lossy_v2v,full,28,56,1,0,1,3.2159758130383853,-31.105174365287425,21,1.6000000000000003
lossy_v2v,full,29,86,0,1,1,4.662893873672305,83.36992631281558,30,0.0
lossy_v2v,full,30,55,1,0,1,4.41074372704111,-404.57715597768544,19,1.8000000000000005
lossy_v2v,full,31,83,0,1,0,19.07939169033624,155.3945522469239,27,0.1
lossy_v2v,full,32,56,1,0,1,4.174157667120539,-42.26784169476923,20,1.7000000000000004
lossy_v2v,full,33,84,0,1,0,10.680482477669297,137.3785896547484,30,0.1
lossy_v2v,full,34,86,0,1,1,7.515920917871209,-193.4362586040738,29,0.0
lossy_v2v,full,35,85,0,1,0,13.322935951743933,153.68624747341812,32,0.1
lossy_v2v,full,36,85,0,1,0,13.612896319112421,154.26830300978474,31,0.2
lossy_v2v,full,37,54,1,0,1,4.426236823978848,-411.1514009162754,24,1.7000000000000004
lossy_v2v,full,38,84,0,1,0,14.926520996893613,157.38263306030444,30,0.0
lossy_v2v,full,39,54,1,0,1,4.492842249582506,-417.167852086902,20,1.7000000000000004
lossy_v2v,full,40,84,0,1,0,9.11586290610511,153.40232917888176,37,0.0
lossy_v2v,full,41,83,0,1,1,5.050996991709301,-242.60300074705805,23,0.1
lossy_v2v,full,42,84,0,1,0,13.393322658096455,159.40528984646295,27,0.0
lossy_v2v,full,43,84,0,1,0,8.008213146056047,157.39665658337543,31,0.0
lossy_v2v,full,44,85,0,1,0,8.552546976506411,113.66105617560729,24,0.0
lossy_v2v,full,45,84,0,1,0,9.48101008151368,129.39031848876027,24,0.0
lossy_v2v,full,46,83,0,1,0,11.95970945163433,155.39466900528112,27,0.0
lossy_v2v,full,47,55,1,0,1,2.512811395673945,-423.1304709059599,15,1.9000000000000006
lossy_v2v,full,48,57,1,0,1,4.29689789507828,-16.82369889348665,22,1.7000000000000004
lossy_v2v,full,49,56,1,0,1,3.462948522099131,-56.844722597295636,20,1.7000000000000004
lossy_v2v,rule,0,135,0,1,0,30.448078640628655,20.668827514570246,58,0.0
lossy_v2v,rule,1,125,0,1,0,36.40683399340085,43.27423246204318,67,0.0
lossy_v2v,rule,2,148,0,1,0,28.811130187071264,1.8165470438524736,68,0.0
lossy_v2v,rule,3,149,0,1,0,27.72158453914279,1.112570336677642,67,0.4
lossy_v2v,rule,4,84,0,1,0,13.791649020259031,156.80952003168096,26,0.0
lossy_v2v,rule,5,133,0,1,0,34.69921501346109,25.42521970497014,74,0.0
lossy_v2v,rule,6,138,0,1,0,29.434144570324296,21.624433755055826,61,0.1
lossy_v2v,rule,7,134,0,1,0,34.4687155097567,19.702121891760758,75,0.0
lossy_v2v,rule,8,126,0,1,0,35.723950279802246,30.1610067319267,83,0.1
lossy_v2v,rule,9,84,0,1,0,11.899413212332393,148.77481270829736,26,0.0
lossy_v2v,rule,10,84,0,1,0,18.3452681558004,156.8102656984746,28,0.5
lossy_v2v,rule,11,139,0,1,0,31.186768856318405,6.10216980462846,69,0.0
lossy_v2v,rule,12,126,0,1,0,36.696841429987266,34.74546934973008,70,0.2
lossy_v2v,rule,13,135,0,1,0,33.58952309165137,24.683995615938123,62,0.1
lossy_v2v,rule,14,85,0,1,0,11.340644698731653,144.76942159792003,23,0.0
lossy_v2v,rule,15,129,0,1,0,34.65984987181352,25.199563050555568,69,0.30000000000000004
lossy_v2v,rule,16,132,0,1,0,31.360363001142794,25.130394616574723,64,0.0
lossy_v2v,rule,17,84,0,1,0,14.545587306307647,156.79706174408688,31,0.1
lossy_v2v,rule,18,129,0,1,0,33.86931273454943,18.085066929214697,71,0.2
lossy_v2v,rule,19,127,0,1,0,35.75019609971644,23.045290191314027,76,0.1
lossy_v2v,rule,20,132,0,1,0,31.98812322804221,15.927743530603664,72,0.30000000000000004
lossy_v2v,rule,21,138,0,1,0,31.564302628178098,21.92380585281279,70,0.1
lossy_v2v,rule,22,137,0,1,0,28.85802115028895,23.829982532788126,60,0.0
lossy_v2v,rule,23,129,0,1,0,33.685285042851675,25.201024969511664,64,0.2
lossy_v2v,rule,24,140,0,1,0,29.729895465338693,19.67751073565158,70,0.0
lossy_v2v,rule,25,146,0,1,0,26.6769885425357,3.866123956658825,74,0.2
lossy_v2v,rule,26,136,0,1,0,29.43101424191499,19.56239219721587,64,0.0
lossy_v2v,rule,27,135,0,1,0,30.47724138415277,18.972607868875752,69,0.1
lossy_v2v,rule,28,134,0,1,0,34.20671034428443,26.393061569461953,66,0.1
lossy_v2v,rule,29,139,0,1,0,31.851892350768374,4.112382226325238,69,0.1
lossy_v2v,rule,30,133,0,1,0,31.808501441159354,16.231604245458392,68,0.0
lossy_v2v,rule,31,84,0,1,0,18.721368415211884,154.79576359507826,27,0.1
lossy_v2v,rule,32,134,0,1,0,32.347003658484915,26.784598045822477,64,0.0
lossy_v2v,rule,33,142,0,1,0,31.11024384626662,9.337954131952749,72,0.0
lossy_v2v,rule,34,127,0,1,0,35.02808632225503,34.635112563329216,72,0.30000000000000004
lossy_v2v,rule,35,145,0,1,0,30.100863216825843,6.865581470200787,75,0.0
lossy_v2v,rule,36,145,0,1,0,28.731507763986567,14.470347185308391,74,0.0
lossy_v2v,rule,37,128,0,1,0,33.928120863664574,27.908103376143213,75,0.0
lossy_v2v,rule,38,85,0,1,0,14.392614585379276,156.6777196723653,31,0.1
lossy_v2v,rule,39,131,0,1,0,32.47733595247259,19.449976522524892,68,0.0
lossy_v2v,rule,40,139,0,1,0,31.524691408852465,21.900089526526745,79,0.1
lossy_v2v,rule,41,127,0,1,0,34.050173298178045,37.348221174142836,62,0.0
lossy_v2v,rule,42,84,0,1,0,13.059719679305308,156.79134980259522,27,0.0
lossy_v2v,rule,43,141,0,1,0,27.982000043989704,17.147570209070075,67,0.0
lossy_v2v,rule,44,142,0,1,0,29.674223751148133,4.6276646738943725,65,0.30000000000000004
lossy_v2v,rule,45,139,0,1,0,28.735289922358625,32.69736349432411,62,0.1
lossy_v2v,rule,46,84,0,1,0,11.580681905168682,154.7959504084498,29,0.0
lossy_v2v,rule,47,132,0,1,0,33.98239278192543,23.442010188462458,63,0.2
lossy_v2v,rule,48,135,0,1,0,31.674611120235806,22.88129711570817,71,0.1
lossy_v2v,rule,49,134,0,1,0,32.75021982918194,15.18793223269806,66,0.5
sensor_only,random,0,700,0,0,0,58.245749169042945,-478.49876939689574,0,1.0
sensor_only,random,1,700,0,0,0,59.978261324147226,-499.2173060829346,0,1.0
sensor_only,random,2,700,0,0,0,36.933175910786666,-461.8977716802772,0,1.0
sensor_only,random,3,700,0,0,0,51.20251298383127,-480.62154590364287,0,1.0
sensor_only,random,4,700,0,0,0,12.739518815948744,-487.2810792238161,0,1.0
sensor_only,random,5,700,0,0,0,23.395146231825915,-467.1644922669613,0,1.0
sensor_only,random,6,700,0,0,0,20.64791624262153,-473.1784068670054,0,1.0
sensor_only,random,7,700,0,0,0,43.7743774280671,-477.145223444568,0,1.0
sensor_only,random,8,700,0,0,0,56.121560534146454,-491.36123463012063,0,1.0
sensor_only,random,9,700,0,0,0,33.29209566705491,-478.27246656287696,0,1.0
sensor_only,random,10,700,0,0,0,21.4573026119649,-458.42935213929303,0,1.0
sensor_only,random,11,700,0,0,0,46.196606171345394,-474.36253800189957,0,1.0
sensor_only,random,12,700,0,0,0,53.15653647136155,-474.894086816172,0,1.0
sensor_only,random,13,194,0,1,0,21.48601116222959,-48.88762303077567,0,1.0
sensor_only,random,14,700,0,0,0,41.223120091417805,-497.7166089691513,0,1.0
sensor_only,random,15,700,0,0,0,34.04212240786233,-481.55423376606717,0,1.0
sensor_only,random,16,700,0,0,0,50.30274724607711,-483.5452983024586,0,1.0
sensor_only,random,17,700,0,0,0,23.661533771126408,-457.2878015282081,0,1.0
sensor_only,random,18,700,0,0,0,31.32605011791104,-476.8998931446266,0,1.0
sensor_only,random,19,292,0,1,0,36.75253473633976,-107.34743489605279,0,1.0
sensor_only,random,20,700,0,0,0,65.30756693526799,-475.7256995595911,0,1.0
sensor_only,random,21,700,0,0,0,33.44103177638827,-463.9727180429123,0,1.0
sensor_only,random,22,700,0,0,0,40.019352904025716,-466.0770885435138,0,1.0
sensor_only,random,23,700,0,0,0,31.898222721821252,-495.0056123637576,0,1.0
sensor_only,random,24,700,0,0,0,34.75885982457708,-491.7302265634535,0,1.0
sensor_only,random,25,700,0,0,0,37.85741828130144,-477.56417685448747,0,1.0
sensor_only,random,26,700,0,0,0,29.48676717634295,-486.36888910356595,0,1.0
sensor_only,random,27,700,0,0,0,40.11058748920497,-477.8075489796771,0,1.0
sensor_only,random,28,700,0,0,0,36.56232590648658,-454.4499852008053,0,1.0
sensor_only,random,29,700,0,0,0,68.8459573542652,-496.7908633161296,0,1.0
sensor_only,random,30,700,0,0,0,55.36900197899544,-513.751685214323,0,1.0
sensor_only,random,31,700,0,0,0,41.081544993610734,-489.25095449860135,0,1.0
sensor_only,random,32,700,0,0,0,30.61792804543566,-460.4575352529228,0,1.0
sensor_only,random,33,700,0,0,0,21.940465460319814,-464.0231831084934,0,1.0
sensor_only,random,34,700,0,0,0,56.74615526339212,-488.7651489667218,0,1.0
sensor_only,random,35,700,0,0,0,35.073637033816205,-485.8216104230117,0,1.0
sensor_only,random,36,700,0,0,0,37.556106171668844,-465.78504631010065,0,1.0
sensor_only,random,37,700,0,0,0,47.45987746741783,-496.7237324351683,0,1.0
sensor_only,random,38,700,0,0,0,32.59590568920407,-460.81237865977727,0,1.0
sensor_only,random,39,700,0,0,0,43.01561695919754,-474.4323838256393,0,1.0
sensor_only,random,40,188,0,1,0,13.017596900118253,-83.31728622130083,0,1.0
sensor_only,random,41,700,0,0,0,37.209742431014185,-459.52913852703364,0,1.0
sensor_only,random,42,700,0,0,0,14.190156388114527,-493.49399278560026,0,1.0
sensor_only,random,43,700,0,0,0,18.630695975760805,-500.8407938220375,0,1.0
sensor_only,random,44,700,0,0,0,68.08119001426557,-493.9203784420346,0,1.0
sensor_only,random,45,700,0,0,0,11.682490749493596,-450.37774526596996,0,1.0
sensor_only,random,46,700,0,0,0,43.58646747825626,-477.6643677271205,0,1.0
sensor_only,random,47,474,0,1,0,19.997910882710997,-225.40025654644603,0,1.0
sensor_only,random,48,700,0,0,0,47.85838806188841,-501.6931873103446,0,1.0
sensor_only,random,49,700,0,0,0,30.51172029512045,-475.8569399754148,0,1.0
sensor_only,hold,0,106,0,1,0,8.460028130688212,19.06205738082008,0,1.0
sensor_only,hold,1,110,0,1,0,23.120514227899832,40.9715701480864,0,1.0
sensor_only,hold,2,120,0,1,1,4.619600574550705,8.774865702166565,0,1.0
sensor_only,hold,3,128,0,1,1,7.022935154535142,10.612423464581461,0,1.0
sensor_only,hold,4,96,0,1,1,5.61262345196248,43.240067168282,0,1.0
sensor_only,hold,5,100,0,1,0,10.099984013430385,23.161074778727656,0,1.0
sensor_only,hold,6,109,0,1,1,6.876865106311254,16.989968799606018,0,1.0
sensor_only,hold,7,106,0,1,0,11.448489345409445,25.05009623033756,0,1.0
sensor_only,hold,8,117,0,1,0,24.846731786808522,42.828116327227974,0,1.0
sensor_only,hold,9,67,1,0,1,4.01533646330255,-107.68461010436455,0,1.0
sensor_only,hold,10,96,0,1,0,10.848117677342753,44.251873559181625,0,1.0
sensor_only,hold,11,126,0,1,0,15.269251076827562,24.654284243323037,0,1.0
sensor_only,hold,12,121,0,1,0,27.22784572612365,48.76894977574093,0,1.0
sensor_only,hold,13,99,0,1,1,5.752559743484518,17.205601569865216,0,1.0
sensor_only,hold,14,67,1,0,1,3.503956482287013,-108.20948896915186,0,1.0
sensor_only,hold,15,104,0,1,0,14.659620256598872,29.09698464224388,0,1.0
sensor_only,hold,16,108,0,1,0,12.477088479822925,25.010336976896898,0,1.0
sensor_only,hold,17,99,0,1,1,5.839834310318315,42.68704636506426,0,1.0
sensor_only,hold,18,114,0,1,0,18.870123902736562,34.885166898447174,0,1.0
sensor_only,hold,19,114,0,1,0,22.584633615824224,40.90802691760709,0,1.0
sensor_only,hold,20,119,0,1,0,18.01334590703125,32.78927005046753,0,1.0
sensor_only,hold,21,65,1,0,1,3.770584970452762,-135.26408135343056,0,1.0
sensor_only,hold,22,116,0,1,0,10.818916334058427,20.864446994637103,0,1.0
sensor_only,hold,23,104,0,1,0,14.238233007178016,29.098161030154046,0,1.0
sensor_only,hold,24,117,0,1,0,9.258499417439346,16.831787376514903,0,1.0
sensor_only,hold,25,125,0,1,1,7.776334784891505,12.68732255603954,0,1.0
sensor_only,hold,26,111,0,1,0,9.694376531950045,18.959128456990715,0,1.0
sensor_only,hold,27,104,0,1,1,7.185446598418798,17.10192157085234,0,1.0
sensor_only,hold,28,99,0,1,1,7.2886742131184,21.193405366971998,0,1.0
sensor_only,hold,29,130,0,1,0,18.249171093951546,30.57797816808643,0,1.0
sensor_only,hold,30,121,0,1,0,18.57720635614488,32.75164022314415,0,1.0
sensor_only,hold,31,98,0,1,0,11.032685534160153,43.72903359032392,0,1.0
sensor_only,hold,32,125,0,1,0,19.256868552312987,32.68675306527804,0,1.0
sensor_only,hold,33,113,0,1,1,6.004211862397224,12.92500413318239,0,1.0
sensor_only,hold,34,132,0,1,0,30.096559379852298,50.52906591901685,0,1.0
sensor_only,hold,35,117,0,1,1,5.187060998456705,10.840340628772935,0,1.0
sensor_only,hold,36,124,0,1,1,7.6926019240535615,12.7052915541176,0,1.0
sensor_only,hold,37,104,0,1,0,15.348865238097853,31.108266517659562,0,1.0
sensor_only,hold,38,72,1,0,1,3.51778118295548,-139.38490527183853,0,1.0
sensor_only,hold,39,111,0,1,0,15.354477805786365,30.969807826751833,0,1.0
sensor_only,hold,40,66,1,0,1,3.5741907652845772,-135.28454333895482,0,1.0
sensor_only,hold,41,96,0,1,0,12.581729144723191,29.250185805901424,0,1.0
sensor_only,hold,42,67,1,0,1,4.369782151795273,-108.24562144763495,0,1.0
sensor_only,hold,43,67,1,0,1,4.362551412841281,-139.3227031871527,0,1.0
sensor_only,hold,44,127,0,1,0,12.441570232262023,20.652255240501503,0,1.0
sensor_only,hold,45,108,0,1,1,4.671400217072985,11.016719810816383,0,1.0
sensor_only,hold,46,66,1,0,1,4.496401481006076,-108.67490293134524,0,1.0
sensor_only,hold,47,102,0,1,0,10.822964351282948,25.123251214005496,0,1.0
sensor_only,hold,48,115,0,1,0,13.316628100317235,22.880298740229392,0,1.0
sensor_only,hold,49,116,0,1,0,15.445910736397941,26.860591028272772,0,1.0
sensor_only,full,0,56,1,0,1,4.252967134822846,-67.11972134241371,0,1.0
sensor_only,full,1,84,0,1,0,8.975322696799733,-26.6149786116259,0,1.0
sensor_only,full,2,85,0,1,0,14.836541287850473,73.97781771786552,0,1.0
sensor_only,full,3,85,0,1,0,15.591887802695389,72.55631124806409,0,1.0
sensor_only,full,4,83,0,1,0,13.923069795896192,71.39646669306747,0,1.0
sensor_only,full,5,54,1,0,1,4.191396958365843,-189.14467183159226,0,1.0
sensor_only,full,6,84,0,1,1,6.983347787074492,79.38729739996717,0,1.0
sensor_only,full,7,56,1,0,1,3.1539839380642443,-69.12063266816476,0,1.0
sensor_only,full,8,85,0,1,1,7.467645132925792,-32.314911727590456,0,1.0
sensor_only,full,9,84,0,1,0,12.721829047585661,73.41108635414867,0,1.0
sensor_only,full,10,83,0,1,0,18.461181017941897,67.39708808206218,0,1.0
sensor_only,full,11,85,0,1,1,6.345899713586741,80.26180556130558,0,1.0
sensor_only,full,12,85,0,1,0,8.94206532049428,-20.02342502242591,0,1.0
sensor_only,full,13,57,1,0,1,3.971575942231817,-71.08602765898785,0,1.0
sensor_only,full,14,84,0,1,0,12.66539389121666,73.408824639168,0,1.0
sensor_only,full,15,54,1,0,1,3.664822742836696,-195.15223730934028,0,1.0
sensor_only,full,16,55,1,0,1,3.309130328649926,-67.14381838512082,0,1.0
sensor_only,full,17,84,0,1,0,14.82410480940466,73.40963630806516,0,1.0
sensor_only,full,18,55,1,0,1,3.177891513602573,-194.85927331077062,0,1.0
sensor_only,full,19,84,0,1,1,6.754954386764388,-32.623643635609994,0,1.0
sensor_only,full,20,55,1,0,1,4.123034412345471,-188.572055249105,0,1.0
sensor_only,full,21,84,0,1,1,7.323795192527236,79.40577110196853,0,1.0
sensor_only,full,22,85,0,1,1,5.139497217130462,81.68924623426962,0,1.0
sensor_only,full,23,54,1,0,1,3.681951213760495,-195.1521459394055,0,1.0
sensor_only,full,24,85,0,1,0,8.55684199963126,79.68543638915227,0,1.0
sensor_only,full,25,85,0,1,0,11.42157908536545,78.26581800990735,0,1.0
sensor_only,full,26,58,1,0,1,4.231029097461243,-67.09520650390994,0,1.0
sensor_only,full,27,57,1,0,1,3.8887833629592983,-67.09665385857458,0,1.0
sensor_only,full,28,56,1,0,1,3.2159758130383853,-71.10517436528743,0,1.0
sensor_only,full,29,86,0,1,1,4.662893873672305,82.56992631281558,0,1.0
sensor_only,full,30,55,1,0,1,4.41074372704111,-188.5771559776856,0,1.0
sensor_only,full,31,83,0,1,0,19.07939169033624,67.39455224692391,0,1.0
sensor_only,full,32,56,1,0,1,4.174157667120539,-68.26784169476923,0,1.0
sensor_only,full,33,84,0,1,0,10.680482477669297,75.37858965474841,0,1.0
sensor_only,full,34,86,0,1,1,7.515920917871209,-25.43625860407454,0,1.0
sensor_only,full,35,85,0,1,0,13.322935951743933,73.68624747341812,0,1.0
sensor_only,full,36,85,0,1,0,13.612896319112421,74.26830300978477,0,1.0
sensor_only,full,37,54,1,0,1,4.426236823978848,-195.15140091627558,0,1.0
sensor_only,full,38,84,0,1,0,14.926520996893613,73.38263306030443,0,1.0
sensor_only,full,39,54,1,0,1,4.492842249582506,-189.16785208690212,0,1.0
sensor_only,full,40,84,0,1,0,9.11586290610511,77.40232917888179,0,1.0
sensor_only,full,41,83,0,1,1,5.050996991709301,-38.603000747057834,0,1.0
sensor_only,full,42,84,0,1,0,13.393322658096455,73.40528984646295,0,1.0
sensor_only,full,43,84,0,1,0,8.008213146056047,81.39665658337542,0,1.0
sensor_only,full,44,85,0,1,0,8.552546976506411,80.2610561756073,0,1.0
sensor_only,full,45,84,0,1,0,9.48101008151368,77.39031848876026,0,1.0
sensor_only,full,46,83,0,1,0,11.95970945163433,77.39466900528113,0,1.0
sensor_only,full,47,55,1,0,1,2.512811395673945,-195.13047090596,0,1.0
sensor_only,full,48,57,1,0,1,4.29689789507828,-68.82369889348664,0,1.0
sensor_only,full,49,56,1,0,1,3.462948522099131,-66.84472259729564,0,1.0
sensor_only,rule,0,129,0,1,0,19.562905636883414,77.98957852138057,0,1.0
sensor_only,rule,1,114,0,1,0,25.86219161508127,63.70594409847487,0,1.0
sensor_only,rule,2,70,1,0,1,4.491285961735445,-68.78028845769481,0,1.0
sensor_only,rule,3,97,0,1,1,5.472548943156269,82.81833838428388,0,1.0
sensor_only,rule,4,90,0,1,1,7.772505119456619,76.66862694651522,0,1.0
sensor_only,rule,5,124,0,1,0,19.582303267774567,81.79374745235855,0,1.0
sensor_only,rule,6,133,0,1,0,18.240024376430966,77.9274018661852,0,1.0
sensor_only,rule,7,126,0,1,0,20.025718749967282,78.75299455992555,0,1.0
sensor_only,rule,8,115,0,1,0,24.82375254400448,66.77959845951715,0,1.0
sensor_only,rule,9,91,0,1,1,6.229820480977537,78.64969718733808,0,1.0
sensor_only,rule,10,90,0,1,0,12.726514767401971,72.66476890268409,0,1.0
sensor_only,rule,11,134,0,1,0,19.087597039277508,79.9123184348957,0,1.0
sensor_only,rule,12,113,0,1,0,24.999974343479334,62.40488645735824,0,1.0
sensor_only,rule,13,129,0,1,0,16.84070388942594,83.98538327492598,0,1.0
sensor_only,rule,14,92,0,1,1,5.543868934581118,80.6477417525121,0,1.0
sensor_only,rule,15,119,0,1,0,21.973938510791083,74.89545968723093,0,1.0
sensor_only,rule,16,127,0,1,0,21.617652429152454,76.7473426083085,0,1.0
sensor_only,rule,17,92,0,1,0,8.180787844910519,76.64875949059729,0,1.0
sensor_only,rule,18,120,0,1,0,22.663590234598136,72.36800691075416,0,1.0
sensor_only,rule,19,115,0,1,0,24.406028012492065,66.17478255404609,0,1.0
sensor_only,rule,20,126,0,1,0,21.859316020055843,76.85849115515617,0,1.0
sensor_only,rule,21,132,0,1,0,15.666486723576703,83.93337347969688,0,1.0
sensor_only,rule,22,132,0,1,0,19.350192418304815,76.43783788084738,0,1.0
sensor_only,rule,23,119,0,1,0,21.670712323533934,74.89680739376863,0,1.0
sensor_only,rule,24,135,0,1,0,17.45190337446555,79.66645783149143,0,1.0
sensor_only,rule,25,141,0,1,0,15.756765856218193,76.07184933746382,0,1.0
sensor_only,rule,26,131,0,1,0,19.986745682053897,75.86183544917088,0,1.0
sensor_only,rule,27,131,0,1,0,18.808822450502745,80.95941479816304,0,1.0
sensor_only,rule,28,128,0,1,0,17.502838752718915,86.72543593474948,0,1.0
sensor_only,rule,29,133,0,1,0,20.19548449216073,78.21173952083267,0,1.0
sensor_only,rule,30,126,0,1,0,21.62589999273852,77.16295856577501,0,1.0
sensor_only,rule,31,91,0,1,0,13.102474757547846,74.65527471616304,0,1.0
sensor_only,rule,32,129,0,1,0,21.530688343694575,78.3999463899645,0,1.0
sensor_only,rule,33,136,0,1,0,16.942405346500117,77.34584033910357,0,1.0
sensor_only,rule,34,116,0,1,0,24.53546967680065,66.56620718081626,0,1.0
sensor_only,rule,35,141,0,1,0,14.979094406308013,77.1594842071397,0,1.0
sensor_only,rule,36,142,0,1,0,15.158423490400724,78.05154495228102,0,1.0
sensor_only,rule,37,118,0,1,0,21.96985832569793,73.92930468510833,0,1.0
sensor_only,rule,38,70,1,0,1,4.394983071846267,-67.95185833214295,0,1.0
sensor_only,rule,39,122,0,1,0,22.034832317753704,71.83270860942704,0,1.0
sensor_only,rule,40,134,0,1,0,15.492744270322921,83.89961439875401,0,1.0
sensor_only,rule,41,115,0,1,0,20.325881248917575,78.98534296708155,0,1.0
sensor_only,rule,42,93,0,1,1,5.346140968440199,78.62935877170368,0,1.0
sensor_only,rule,43,135,0,1,0,16.89296551152209,78.17463777153849,0,1.0
sensor_only,rule,44,136,0,1,0,17.454564039676427,80.85644490053734,0,1.0
sensor_only,rule,45,135,0,1,0,17.418324956358184,77.1649552770973,0,1.0
sensor_only,rule,46,90,0,1,1,6.442930839134708,80.66098385386756,0,1.0
sensor_only,rule,47,124,0,1,0,19.843328045716063,80.80359979527393,0,1.0
sensor_only,rule,48,131,0,1,0,20.43159760168065,76.45552944061241,0,1.0
sensor_only,rule,49,129,0,1,0,21.885568469651865,77.21179523146894,0,1.0
